﻿<?xml version="1.0" encoding="utf-8"?>
<Defs>

  <ThingDef Name="BunkerBase" ParentName="BuildingBase" Abstract="True">
    <category>Building</category>
    <soundImpactDefault>BulletImpact_Metal</soundImpactDefault>
    <selectable>true</selectable>
    <drawerType>MapMeshAndRealTime</drawerType>
    <terrainAffordanceNeeded>Heavy</terrainAffordanceNeeded>
    <repairEffect>Repair</repairEffect>
    <leaveResourcesWhenKilled>false</leaveResourcesWhenKilled>
    <filthLeaving>Filth_RubbleBuilding</filthLeaving>
    <rotatable>false</rotatable>	
    <statBases>
      <SellPriceFactor>0.70</SellPriceFactor>
    </statBases>
    <tickerType>Normal</tickerType>
    <altitudeLayer>BuildingOnTop</altitudeLayer>
    <stealable>false</stealable>
    <minifiedDef />
    <thingCategories Inherit="false" />
	<inspectorTabs>
		<li>ITab_ContentsTransporter</li>
	</inspectorTabs>
    <passability>Impassable</passability>
    <castEdgeShadows>false</castEdgeShadows>
    <fillPercent>0.90</fillPercent>
    <designationCategory>Security</designationCategory>
    <hasTooltip>true</hasTooltip>
    <blockWind>true</blockWind>
    <blockLight>true</blockLight>	
	<comps>
	</comps>

  </ThingDef>



  <ThingDef ParentName="BunkerBase">
    <defName>TerranBunker</defName> 
    <label>Bunker</label> 
    <description>Fortifications that can accommodate four combatants. Full-angle firing holes allow soldiers to fire at the enemy outside from inside the bunker with ease.</description>

    <thingClass>TerrenSecurity.Building_TerranBunker</thingClass>
	 
    <graphicData>
      <texPath>Things/Building/Bunker/Bunker</texPath>
      <graphicClass>Graphic_Multi</graphicClass>
      <shaderType>CutoutComplex</shaderType>
      <drawSize>(5,5)</drawSize> 
      <shadowData>
        <volume>(2.25,1.0,2.25)</volume>
        <offset>(0.35,0,-0.35)</offset>
      </shadowData>
    </graphicData>
    <size>(3,3)</size> 
    <statBases>
      <MaxHitPoints>700</MaxHitPoints> 
      <WorkToBuild>15000</WorkToBuild> 
      <Flammability>0</Flammability>
      <Mass>20</Mass> 
      <Beauty>5</Beauty>
    </statBases>
    <stuffCategories>
      <li>Metallic</li>
      <li>Stony</li>	  
    </stuffCategories>
    <costStuffCount>450</costStuffCount>	
    <costList> 
      <Plasteel>180</Plasteel>
      <Uranium>70</Uranium>
      <ComponentIndustrial>5</ComponentIndustrial>
    </costList>
	<comps>
	</comps>	
	<researchPrerequisites>
	<li>Research_TBD_Bunker</li>
    </researchPrerequisites>
    <constructionSkillPrerequisite>8</constructionSkillPrerequisite> 
    <uiIconScale>0.8</uiIconScale> 
    <killedLeavings>
      <ChunkSlagSteel>6</ChunkSlagSteel>
    </killedLeavings>
	
    <building>
      <ai_combatDangerous>true</ai_combatDangerous>
      <turretGunDef>Turret_TerranBunker</turretGunDef>
      <turretBurstCooldownTime>2.2</turretBurstCooldownTime>
    </building>
	
    <placeWorkers>
      <li>TerrenSecurity.PlaceWorker_ShowBunkerRadius</li>
    </placeWorkers>
  </ThingDef>
	
  <ThingDef ParentName="BaseGun">
    <defName>Turret_TerranBunker</defName>
    <label>Firing Holes</label>
    <graphicData>
      <texPath>Things/Building/Turret/Invis</texPath>
      <graphicClass>Graphic_Single</graphicClass>
    </graphicData>
    <soundInteract>Interact_Rifle</soundInteract>
    <destroyOnDrop>true</destroyOnDrop>
    <tradeability>None</tradeability>
    <useHitPoints>false</useHitPoints>
    <weaponTags Inherit="false">
      <li>ATurretGun</li>
    </weaponTags>
    <verbs>
      <li>
        <verbClass>TerrenSecurity.Verb_TerranBunker</verbClass>
        <hasStandardCommand>true</hasStandardCommand>
        <defaultProjectile>Bullet_MiniTurret</defaultProjectile>
        <warmupTime>0</warmupTime>
        <range>55</range>
        <ticksBetweenBurstShots>8</ticksBetweenBurstShots>
        <burstShotCount>1</burstShotCount>
        <soundCast>GunShotA</soundCast>
        <soundCastTail>GunTail_Light</soundCastTail>
        <muzzleFlashScale>0</muzzleFlashScale>
        <consumeFuelPerShot>1</consumeFuelPerShot>
      </li>
    </verbs>
	
  </ThingDef>
  
  


</Defs>