﻿<?xml version="1.0" encoding="utf-8"?>
<Defs>

  <ThingDef ParentName="BaseWeaponTurret">
    <defName>AutoTurret_Turret_Top</defName>
    <label>12mm Gauss Gun</label>
    <description>12mm Gauss Gun</description>
    <graphicData>
      <texPath>Things/Building/Turret/AutoTurret_Turret_Top</texPath>
      <graphicClass>Graphic_Single</graphicClass>
      <drawSize>(2,2)</drawSize>
    </graphicData>
    <soundInteract>Interact_Rifle</soundInteract>
    <statBases>
      <AccuracyTouch>0.45</AccuracyTouch>
      <AccuracyShort>0.60</AccuracyShort>
      <AccuracyMedium>0.55</AccuracyMedium>
      <AccuracyLong>0.35</AccuracyLong>
      <RangedWeapon_Cooldown>5.6</RangedWeapon_Cooldown>
      <DeteriorationRate>0</DeteriorationRate>
      <Mass>25</Mass>
      <Flammability>0</Flammability>
    </statBases>
    <verbs>
      <li>
        <verbClass>Verb_Shoot</verbClass>
        <hasStandardCommand>true</hasStandardCommand>
        <defaultProjectile>Bullet_AutoTurret</defaultProjectile>
        <warmupTime>5</warmupTime>
        <minRange>0</minRange>
        <range>25.5</range>
        <ticksBetweenBurstShots>6</ticksBetweenBurstShots>
        <burstShotCount>6</burstShotCount>
        <soundCast>Shot_Minigun</soundCast>
        <soundCastTail>GunTail_Medium</soundCastTail>
        <muzzleFlashScale>12</muzzleFlashScale>
        <consumeFuelPerShot>2</consumeFuelPerShot>
      </li>
    </verbs>
  </ThingDef>

  <ThingDef ParentName="BaseBullet">
    <defName>Bullet_AutoTurret</defName>
    <label>12mm Guass Bullet</label>
    <graphicData>
      <texPath>Things/Projectile/Bullet_Small</texPath>
      <graphicClass>Graphic_Single</graphicClass>
    </graphicData>
    <projectile>
      <damageDef>Bullet</damageDef>
      <damageAmountBase>13</damageAmountBase>
      <armorPenetrationBase>0.28</armorPenetrationBase>	  
      <speed>70</speed>
    </projectile>
  </ThingDef>



</Defs>