﻿<?xml version="1.0" encoding="utf-8"?>
<Defs>

  <ThingDef ParentName="BaseBullet">
    <defName>PlanetaryFortress_Turret_Top_Bomb</defName>
    <label>Ibiks Cannon</label>
    <graphicData>
      <texPath>Things/Projectile/PlanetaryFortress_Turret_Top_Bomb</texPath>
      <graphicClass>Graphic_Single</graphicClass>
      <shaderType>TransparentPostLight</shaderType>
    </graphicData>
    <thingClass>TerrenSecurity.Proj_PlanetaryFortress</thingClass>
    <projectile>
      <damageDef>Bomb</damageDef>
      <damageAmountBase>40</damageAmountBase>
      <speed>90</speed>
      <explosionRadius>5</explosionRadius>
      <flyOverhead>true</flyOverhead>
      <soundHitThickRoof>Artillery_HitThickRoof</soundHitThickRoof>
      <soundExplode>Explode_IbiksCannon</soundExplode>
      <soundImpactAnticipate>MortarRound_PreImpact</soundImpactAnticipate>
      <soundAmbient>MortarRound_Ambient</soundAmbient>
    </projectile>
  </ThingDef>

  <ThingDef ParentName="BaseArtilleryWeapon">
    <defName>PlanetaryFortress_Turret_Top</defName>
    <label>Twin Ibiks Cannon</label>
    <graphicData>
      <texPath>Things/Building/Turret/PlanetaryFortress_Turret_Top</texPath>
      <graphicClass>Graphic_Single</graphicClass>
    </graphicData>
    <description>Twin Ibiks Cannon</description>
    <techLevel>Spacer</techLevel>
    <statBases>
      <Mass>40</Mass>
    </statBases>
    <verbs>
      <li>
        <verbClass>Verb_Shoot</verbClass>
        <forceNormalTimeSpeed>false</forceNormalTimeSpeed>
        <hasStandardCommand>true</hasStandardCommand>
        <defaultProjectile>PlanetaryFortress_Turret_Top_Bomb</defaultProjectile>
        <warmupTime>25</warmupTime>
        <minRange>20</minRange>
        <range>90</range>
        <ticksBetweenBurstShots>1</ticksBetweenBurstShots>
        <burstShotCount>1</burstShotCount>
        <soundCast>Shot_IbiksCannonAttack</soundCast>
        <soundCastTail>GunTail_Heavy</soundCastTail>
        <muzzleFlashScale>55</muzzleFlashScale>
        <requireLineOfSight>false</requireLineOfSight>
        <targetParams>
         <canTargetLocations>true</canTargetLocations>
        </targetParams>
        <consumeFuelPerShot>20</consumeFuelPerShot>		
      </li>
    </verbs>
  </ThingDef>


</Defs>