﻿<?xml version="1.0" encoding="utf-8" ?>

<Patch>
	<Operation Class="PatchOperationFindMod">
		<mods>
			<li>SRTS Expanded</li>
		</mods>
		<match Class="PatchOperationSequence">
		<success>Normal</success>
			<operations>
				<li Class="PatchOperationAdd">
					<xpath>/Defs/ThingDef[defName="PlanetaryFortress"]/comps</xpath>
					<value>      

  <li Class="CompProperties_Transporter">
    <restEffectiveness>13</restEffectiveness>
    <massCapacity>3500</massCapacity>
  </li>
  
    <li Class="SRTS.CompProperties_LaunchableSRTS">
        <travelSpeed>23</travelSpeed> 
        <fuelPerTile>1.9</fuelPerTile> 
        <minPassengers>0</minPassengers>
        <maxPassengers>15</maxPassengers>
      	<spaceFaring>true</spaceFaring> 
      	<shuttleBayLanding>false</shuttleBayLanding>
      </li>
	
					</value>
				</li>
				
			</operations>
		</match>
	</Operation>
</Patch>