<?xml version="1.0" encoding="utf-8"?>
<Defs>

	<SoundDef>
		<defName>ShotShrike</defName>
		<eventNames />   
		<context>MapOnly</context>
		<maxSimultaneous>1</maxSimultaneous>
		<subSounds>
			<li>
				<grains>
					<li Class="AudioGrain_Clip">
						<clipPath>Turrets/Shrike</clipPath>
					</li>
				</grains>
				<pitchRange>
					<min>0.9152174</min>
					<max>1.042391</max>
				</pitchRange>
			</li>
		</subSounds>
	</SoundDef>

  <SoundDef>
    <defName>Shot_MultipleBulletAttack</defName>  
    <context>MapOnly</context>  
    <maxVoices>8</maxVoices>  
    <maxSimultaneous>4</maxSimultaneous>  
    <subSounds>
      <li>
        <grains>
          <li Class="AudioGrain_Folder">
            <clipFolderPath>Turrets/MultipleBulletAttack</clipFolderPath>
          </li>
        </grains>      
        <volumeRange>33.52942~33.52942</volumeRange>
      </li>
    </subSounds>
  </SoundDef>
 
  <SoundDef>
    <defName>Explode_IbiksCannon</defName>  
    <context>MapOnly</context>  
    <maxSimultaneous>1</maxSimultaneous>  
    <subSounds>
      <li>
        <grains>
          <li Class="AudioGrain_Folder">
            <clipFolderPath>Turrets/IbiksCannonExplode</clipFolderPath>
          </li>
        </grains>      
        <volumeRange>64.70588~67.05882</volumeRange>      
        <pitchRange>0.8516304~1.254348</pitchRange>
      </li>
    </subSounds>
  </SoundDef>

   <SoundDef>
    <defName>Shot_IbiksCannonAttack</defName>  
    <context>MapOnly</context>
    <eventNames />  
    <maxSimultaneous>4</maxSimultaneous>  
    <subSounds>
      <li>
        <grains>
          <li Class="AudioGrain_Folder">
            <clipFolderPath>Turrets/IbiksCannonAttack</clipFolderPath>
          </li>
        </grains>      
        <volumeRange>
          <min>50</min>        
          <max>60</max>
        </volumeRange>      
        <sustainLoop>False</sustainLoop>
      </li>
    </subSounds>
  </SoundDef> 
</Defs>