﻿<?xml version="1.0" encoding="utf-8"?>
<ModMetaData>
  <name>Terran's Security Buildings</name>
  <author>Tr.Vi</author>
 <packageId>TRVI.TerranBuildings</packageId>
 
  <supportedVersions>
    <li>1.2</li>
	<li>1.3</li>
  </supportedVersions>
<!--   <modDependencies>
    <li>
        <packageId>smashphil.neceros.srtsexpanded</packageId>
        <displayName>SRTS Expanded</displayName>
    </li>
  </modDependencies>
 	<loadAfter>
		<li>smashphil.neceros.srtsexpanded</li>
		<li>kentington.saveourship2</li>		
	</loadAfter>
-->
  <description>Add Terran's Security Buildings from StarCraft II</description>
</ModMetaData>


